02.02.2024,11:26:54,Start of the server
02.02.2024,11:26:54,Successful data update
02.02.2024,11:27:54,Successful data update
02.02.2024,11:28:54,Successful data update
02.02.2024,11:29:54,Successful data update
02.02.2024,11:30:54,Successful data update
02.02.2024,11:31:54,Successful data update
02.02.2024,11:32:54,Successful data update
02.02.2024,11:33:54,Successful data update
02.02.2024,11:34:54,Successful data update
02.02.2024,11:35:54,Successful data update
02.02.2024,11:36:54,Successful data update
02.02.2024,11:37:54,Successful data update
